<?xml version="1.0" encoding="utf-8"?>
<SonarProjectConfig xmlns:xsi="http://www.w3.org/2001/XMLSchema-instance" xmlns:xsd="http://www.w3.org/2001/XMLSchema" xmlns="http://www.sonarsource.com/msbuild/analyzer/2021/1">
  <AnalysisConfigPath>C:\Parcial\.sonarqube\conf\SonarQubeAnalysisConfig.xml</AnalysisConfigPath>
  <ProjectPath>C:\Parcial\src\Application\Application.csproj</ProjectPath>
  <FilesToAnalyzePath>C:\Parcial\.sonarqube\conf\1\FilesToAnalyze.txt</FilesToAnalyzePath>
  <OutPath>C:\Parcial\.sonarqube\out\1</OutPath>
  <ProjectType>Product</ProjectType>
  <TargetFramework>net8.0</TargetFramework>
</SonarProjectConfig>